"URL";"Dateipfad";"Meta-Titel";"Titel-Länge";"Meta-Description";"Description-Länge";"Description fehlt"
"/anlagen/";"anlagen/index.html";"RLT-Anlagen & Spezialanlagen | Igienair";"39";"Reinigung, Inspektion und Wartung für Lüftungs-, Klima- und Spezialanlagen. Alle Igienair-Leistungen nach VDI und DIN im Überblick.";"131";"Nein"
"/anlagen/kuechenabluftsysteme/";"anlagen/kuechenabluftsysteme/index.html";"Küchenabluftreinigung nach VDI 2052 | Igienair";"46";"Reinigung und Brandschutz für gewerbliche Küchenabluftsysteme nach VDI 2052. Igienair entfernt Fettablagerungen und reduziert Brandrisiken.";"139";"Nein"
"/anlagen/kuehlregale/";"anlagen/kuehlregale/index.html";"Kühlregale reinigen & desinfizieren | Igienair";"46";"Hygienische Reinigung von Kühlregalen für Lebensmittelbetriebe: Ablagerungen entfernen, Effizienz steigern, Hygieneanforderungen erfüllen.";"138";"Nein"
"/anlagen/kuehlsysteme/";"anlagen/kuehlsysteme/index.html";"Kühlsysteme & Klimatechnik hygienisch warten | Igienair";"55";"Reinigung und Hygienewartung von Kühlsystemen und Klimatechnik. Igienair verhindert Ablagerungen, Keimbildung und Leistungsverluste.";"132";"Nein"
"/anlagen/kuehlturmreinigung/";"anlagen/kuehlturmreinigung/index.html";"Verdunstungskühlanlage Reinigung » Kühlturm Reinigung";"53";"Verdunstungskühlanlage Reinigung ✅ Kühlturm Reinigung gemäß 42. BImSchV ✅ und VDI 2047-2 ✅ durch Experten";"105";"Nein"
"/anlagen/laborabzuege/";"anlagen/laborabzuege/index.html";"Digestorium: Die Laborabzug Prüfung nach DIN EN 14175 | Igienair";"64";"Prüfung, Validierung und Wartung von Laborabzügen und Digestorien nach DIN EN 14175. Sicherer Betrieb durch Igienair-Spezialisten.";"130";"Nein"
"/anlagen/lueftungsanlagenreinigung/";"anlagen/lueftungsanlagenreinigung/index.html";"Lüftungsanlagenreinigung: Die RLT Anlage Wartung V | Igienair";"61";"Professionelle RLT-Anlagenreinigung nach VDI 6022 und DIN EN 15780. Igienair reinigt Lüftungsgeräte, Kanäle und Komponenten normgerecht.";"136";"Nein"
"/anlagen/lueftungsreinigung/";"anlagen/lueftungsreinigung/index.html";"Lüftungsreinigung VDI 6022 schützt Kunden und Mitarbeiter";"57";"Professionelle Lüftungsreinigung für Büros, Gastronomie und Industrie nach VDI 6022. Zertifizierte Experten – jetzt Angebot anfordern.";"134";"Nein"
"/anlagen/luftkanalreinigung/";"anlagen/luftkanalreinigung/index.html";"Luftkanalreinigung » Reinigung Lüftungskanäle nach VDI 6022";"59";"Gründliche Luftkanalreinigung nach VDI 6022 und DIN EN 15780. Igienair entfernt Verunreinigungen und verbessert die Raumluftqualität nachhaltig.";"144";"Nein"
"/anlagen/op-raum-pruefung/";"anlagen/op-raum-pruefung/index.html";"OP Raum Prüfung und RLT Anlage Prüfung | Igienair";"49";"Prüfung und Abnahme von OP-Räumen nach DIN EN 1946-4. Igienair validiert Luftführung, Druckverhältnisse und hygienische Anforderungen.";"134";"Nein"
"/anlagen/prozessabluft-und-entrauchungsanlagen/";"anlagen/prozessabluft-und-entrauchungsanlagen/index.html";"Prozessabluft & Entrauchungsanlagen - Igienair GmbH";"51";"Reinigung und Inspektion von Prozessabluft- und Entrauchungsanlagen. Igienair sorgt für sicheren Betrieb und normgerechte Dokumentation.";"136";"Nein"
"/anlagen/raumluftdesinfektion/";"anlagen/raumluftdesinfektion/index.html";"Raumdesinfektion mit Wasserstoffperoxid NF T72-110 03.2019";"58";"Raumluftdesinfektion für RLT-Anlagen und Verdunstungskühler. Igienair reduziert Keimlasten und unterstützt hygienischen Anlagenbetrieb.";"135";"Nein"
"/anlagen/rechenzentrum/";"anlagen/rechenzentrum/index.html";"Rechenzentrum Reinigung: Hygiene & Sicherheit für Ihre Daten";"60";"Hygienereinigung und Inspektion von RLT-Anlagen in Rechenzentren. Igienair schützt sensible IT-Infrastruktur durch saubere Raumluft.";"132";"Nein"
"/anlagen/reinraumqualifizierung/";"anlagen/reinraumqualifizierung/index.html";"Reinraum-qualifizierung vom Experten | Igienair";"47";"Reinraumqualifizierung nach VDI 2083 und ISO 14644. Igienair klassifiziert, prüft und dokumentiert Reinräume für Ihre Branche.";"126";"Nein"
"/anlagen/splitklimageraete-und-umluftkuehlgeraete/";"anlagen/splitklimageraete-und-umluftkuehlgeraete/index.html";"Split- & Umluftkühlgeräte reinigen | Igienair";"45";"Hygienische Reinigung und Desinfektion von Split- und Umluftkühlgeräten. Normgerecht, dokumentiert – für Büros, Praxen und Gewerbe.";"131";"Nein"
"/anlagen/textilschlaeuche/";"anlagen/textilschlaeuche/index.html";"Textilschläuche: fachgerechte Reinigung von Textilschläuchen";"60";"Reinigung und Desinfektion von Textilschläuchen in Lüftungssystemen. Igienair verlängert Lebensdauer und sichert hygienischen Lufttransport.";"140";"Nein"
"/anlagen/verdampfer-und-kondensatoren/";"anlagen/verdampfer-und-kondensatoren/index.html";"Verdampfer & Kondensatoren - Igienair GmbH";"42";"Reinigung von Verdampfern und Kondensatoren in Kälteanlagen. Igienair beseitigt Biofilme, steigert Effizienz und verlängert die Lebensdauer.";"140";"Nein"
"/branchen/";"branchen/index.html";"Branchenlösungen Raumlufthygiene | Igienair";"43";"Maßgeschneiderte Hygienelösungen für Gesundheitswesen, Pharma, Lebensmittel, Industrie, Gastronomie und Kommunen – normkonform und erprobt.";"139";"Nein"
"/cookie-richtlinie-eu/";"cookie-richtlinie-eu/index.html";"Cookie-Richtlinie (EU) - Igienair GmbH";"38";"Informationen zur Verwendung von Cookies und Tracking-Technologien auf igienair.de. Arten, Zwecke und Ihre Einstellungsmöglichkeiten.";"133";"Nein"
"/danke/";"danke/index.html";"Danke für Ihre Anfrage - IGIENAIR GmbH";"38";"Vielen Dank für Ihre Anfrage bei IGIENAIR. Wir werden uns schnellstmöglich mit Ihnen in Verbindung setzen.";"106";"Nein"
"/datenschutz/";"datenschutz/index.html";"Datenschutzerklärung | Igienair GmbH";"36";"Informationen zur Verarbeitung personenbezogener Daten bei Igienair gemäß DSGVO. Transparenz über Speicherung, Rechte und Kontakt.";"130";"Nein"
"/downloads/";"downloads/index.html";"Downloads & Dokumente | Igienair";"32";"Hilfreiche Dokumente, Formulare und Informationen zum Download rund um technische Hygiene, Inspektion und Reinigung von RLT-Anlagen.";"132";"Nein"
"/energetische-inspektion-geg-2020/";"energetische-inspektion-geg-2020/index.html";"Energetische Inspektion von Klimaanlagen nach GEG 2020";"54";"Energetische Inspektion von Klimaanlagen nach GEG 2020: Pflicht erfüllen, Effizienz steigern. Zertifizierte Durchführung durch Igienair.";"136";"Nein"
"/filterintegritaetstest/";"filterintegritaetstest/index.html";"Filterintegritätstest für RLT-Anlagen | Igienair";"48";"Filterintegritätstests für HEPA- und Schwebstofffilter in RLT-Anlagen. Igienair prüft Dichtheit und dokumentiert Ergebnisse zuverlässig.";"136";"Nein"
"/gastronomie/";"gastronomie/index.html";"Technische Hygiene Gastronomie | Igienair";"41";"Küchenabluftreinigung, Lüftungshygene und Brandschutz für Gastronomiebetriebe. Igienair schützt Gäste, Mitarbeiter und Ihren Betrieb.";"133";"Nein"
"/gefaehrdungsbeurteilung-vdi-2047/";"gefaehrdungsbeurteilung-vdi-2047/index.html";"Gefährdungsbeurteilung VDI 2047 | Igienair";"42";"Gefährdungsbeurteilung nach VDI 2047-2 für Kühltürme und Verdunstungskühlanlagen. Pflicht für Betreiber – fachgerecht durch Igienair.";"133";"Nein"
"/gemeinden/";"gemeinden/index.html";"Lüftungshygene öffentliche Einrichtungen | Igienair";"51";"Hygienische Betreuung von Lüftungsanlagen in kommunalen Gebäuden. Igienair erfüllt Inspektionspflichten und sorgt für gesunde Raumluft.";"135";"Nein"
"/gesundheitswesen/";"gesundheitswesen/index.html";"Technische Hygiene Gesundheitswesen | Igienair";"46";"RLT-Hygiene für Krankenhäuser und medizinische Einrichtungen: Inspektion, Reinigung und Gutachten nach anerkannten Hygienestandards.";"132";"Nein"
"/glossar/bedeutung-hygieneinspektionen-unternehmen/";"glossar/bedeutung-hygieneinspektionen-unternehmen/index.html";"Die Bedeutung von Hygieneinspektionen für Unternehmen";"53";"Warum Hygieneinspektionen für Unternehmen wichtig sind: Risiken senken, Raumluft sichern und Betreiberpflichten zuverlässig erfüllen.";"133";"Nein"
"/glossar/brandschutzreinigung-entfettung-grosskuechenabluftsystemen/";"glossar/brandschutzreinigung-entfettung-grosskuechenabluftsystemen/index.html";"Brandschutzreinigung Küchenabluft | Glossar";"43";"Was ist eine Brandschutzreinigung & Entfettung von Großküchenabluftsystemen und wie führen wir sie bei Igienair durch?";"118";"Nein"
"/glossar/digestorium/";"glossar/digestorium/index.html";"Digestorium | Glossar Igienair";"30";"Digestorium: Definition, Bedeutung und praxisrelevante Hinweise zur Raumlufthygiene – kompakt erklärt im Igienair-Glossar.";"122";"Nein"
"/glossar/din-en-14175-norm/";"glossar/din-en-14175-norm/index.html";"DIN EN 14175 Norm | Glossar Igienair";"36";"Die DIN EN 14175 ist eine wichtige Norm, die sich mit der Abzugstechnik in Labors und industriellen Anwendungen befasst.";"120";"Nein"
"/glossar/din-en-15780-norm/";"glossar/din-en-15780-norm/index.html";"DIN EN 15780 Norm | Glossar Igienair";"36";"Die DIN EN 15780 ist eine wichtige Norm, die sich mit der Luftqualität in Innenräumen befasst in Bezug auf die hygienischen Anforderungen";"137";"Nein"
"/glossar/energetische-inspektion/";"glossar/energetische-inspektion/index.html";"Energetische Inspektion von Klimaanlagen - Igienair GmbH";"56";"Energetische Inspektion von Klimaanlagen: Pflicht, Ablauf und Bedeutung nach GEG 2020 für Betreiber raumlufttechnischer Anlagen.";"128";"Nein"
"/glossar/entrauchungsanlage/";"glossar/entrauchungsanlage/index.html";"Entrauchungsanlage: Sicherheit im Brandfall und Pflege";"54";"Entrauchungsanlagen: Sicherheit im Brandfall und Pflege für maximale Effizienz. Igienair ist Ihr kompetenter Partner";"116";"Nein"
"/glossar/fachbetrieb-nach-whg/";"glossar/fachbetrieb-nach-whg/index.html";"Fachbetrieb nach WHG - Igienair GmbH";"36";"Die WHG-Zertifizierung ist für Unternehmen in Deutschland von Bedeutung, die mit wassergefährdenden Stoffen umgehen.";"116";"Nein"
"/glossar/fgk-qm-01-zertifizierung/";"glossar/fgk-qm-01-zertifizierung/index.html";"Was ist die FGK-QM-01-Zertifizierung? Igienair GmbH erklärt es";"62";"Wir erklären als FGK-QM-01 zertifizierter Betrieb in unserem Glossar, was die FGK-QM-01 Zertifizierung ist.";"107";"Nein"
"/glossar/filterintegritaetstest/";"glossar/filterintegritaetstest/index.html";"Filterintegritätstest erklärt | Glossar Igienair";"48";"Überblick über den Filterintegritätstest, seine Besonderheiten, geltende Vorschriften und Normen und dem Ablauf des Tests";"121";"Nein"
"/glossar/gebaeudeenergiegesetz-geg-2020/";"glossar/gebaeudeenergiegesetz-geg-2020/index.html";"Was ist das Gebäudeenergiegesetz (GEG 2020)? - Igienair GmbH";"60";"Lesen Sie alles Wissenswerte zum Thema in unserem Glossar oder geben Sie eine Inspektion in Auftrag.";"100";"Nein"
"/glossar/gefaehrdungsbeurteilung-vdi-2047-2/";"glossar/gefaehrdungsbeurteilung-vdi-2047-2/index.html";"Gefährdungsbeurteilung VDI 2047-2 | Glossar";"43";"Gefährdungsbeurteilung nach VDI 2047-2 für Kühltürme: Pflichten, Inhalte und Bedeutung für Betreiber von Verdunstungskühlanlagen.";"129";"Nein"
"/glossar/gefaehrdungsbeurteilung-von-rlt-anlagen/";"glossar/gefaehrdungsbeurteilung-von-rlt-anlagen/index.html";"Gefährdungsbeurteilung von RLT-Anlagen - Igienair GmbH";"54";"Was ist eine Gefährdungsbeurteilung von RLT-Anlagen, welche Vorschriften sind zu beachten und wie wird sie durchgeführt?";"120";"Nein"
"/glossar/hygieneinspektion-nach-vdi-6022/";"glossar/hygieneinspektion-nach-vdi-6022/index.html";"Was ist eine Hygieneinspektion nach VDI 6022? IGIENAIR GmbH";"59";"Hygieneinspektion nach VDI 6022: Pflicht, Intervall und Inhalt der Prüfung für hygienischen Betrieb von RLT-Anlagen.";"116";"Nein"
"/glossar/hygienetechnische-reinigung/";"glossar/hygienetechnische-reinigung/index.html";"Hygienetechnische Reinigung - Igienair GmbH";"43";"Was ist die hygienetechnische Reinigung, was ist zu beachten und welche Unternehmen dürfen sie durchführen.";"107";"Nein"
"/glossar/";"glossar/index.html";"Glossar: Begriffe der Raumlufthygiene | Igienair";"48";"Fachbegriffe zu RLT-Hygiene, Normen und Verfahren verständlich erklärt. Das Igienair-Glossar für Betreiber, Planer und Facility Manager.";"136";"Nein"
"/glossar/inspektionspflicht-geg-2020/";"glossar/inspektionspflicht-geg-2020/index.html";"Inspektionspflicht Gebäudeenergiegesetz (GEG 2020) erklärt";"58";"In unserem Glossar erklären wir die Inspektionspflicht Gebäudeenergiegesetz (GEG 2020) und können sie für Sie durchführen";"121";"Nein"
"/glossar/iso-140012015-zertifizierung/";"glossar/iso-140012015-zertifizierung/index.html";"ISO 14001:2015 Zertifizierung - Igienair GmbH";"45";"ISO 14001:2015 Zertifizierung: Bedeutung, Wichtigkeit und Unternehmensdienstleistungen durch die IGIENAIR GmbH";"110";"Nein"
"/glossar/iso-14644-norm/";"glossar/iso-14644-norm/index.html";"ISO 14644 Norm | Glossar Igienair";"33";"Die ISO 14644 ist eine international anerkannte Normenreihe, die spezifische Anforderungen für die Luftreinheit in Reinräumen definiert";"135";"Nein"
"/glossar/iso-90012015-zertifizierung/";"glossar/iso-90012015-zertifizierung/index.html";"Was ist die ISO 9001:2015 Zertifizierung? Igienair Glossar";"58";"Wir erklären, was die ISO 9001:2015 Zertifizierung ist. Die IGIENAIR ist ein ISO 9001:2015 zertifizierter Fachbetrieb.";"118";"Nein"
"/glossar/kuehlregale/";"glossar/kuehlregale/index.html";"Kühlregale und technische Hygiene: Erklärung und Durchführung";"61";"Kühlregale in der Lebensmittelbranche: Hygieneanforderungen, Reinigungsbedarf und typische Risiken durch Ablagerungen.";"118";"Nein"
"/glossar/lecktest-schwebstofffilter/";"glossar/lecktest-schwebstofffilter/index.html";"Lecktest Schwebstofffilter erklärt | Glossar";"44";"Was ein Lecktest für Schwebstofffilter prüft, wann er nötig ist und welche Anforderungen an Filtersicherheit in RLT-Anlagen gelten.";"131";"Nein"
"/glossar/luftkanalreinigung/";"glossar/luftkanalreinigung/index.html";"Professionelle Luftkanalreinigung - Igienair GmbH";"49";"Lesen Sie in unserem Glossar, was eine professionelle Luftkanalreinigung umfasst und warum wir der richtige Ansprechpartner sind.";"129";"Nein"
"/glossar/op-raum/";"glossar/op-raum/index.html";"OP-Raum / OP-Raum Prüfung - Igienair GmbH";"41";"Was ist ein OP-Raum und eine OP-Raum Prüfung? Welche Normen und Besonderheiten gelten hierfür? Mehr im Glossar lesen";"116";"Nein"
"/glossar/prozessabluftsystem/";"glossar/prozessabluftsystem/index.html";"Prozessabluftsystem - Igienair GmbH";"35";"Was ist ein Prozessabluftsystem und welche Rolle spielen sie in der Gesunderhaltung von Arbeitsumgebungen?";"106";"Nein"
"/glossar/rechenzentrum/";"glossar/rechenzentrum/index.html";"Rechenzentrum | Glossar Igienair";"32";"Rechenzentrum: Funktionalitäten und Herausforderungen untersuchen und die hygienischen Aspekte in unserem Glossar erfahren";"122";"Nein"
"/glossar/reinigung-rechenzentrum/";"glossar/reinigung-rechenzentrum/index.html";"Reinigung Rechenzentrum - Igienair GmbH";"39";"Was genau ist die Reinigung eines Rechenzentrums, welche Vorschriften gibt und was ist genau zu beachten?";"105";"Nein"
"/glossar/reinraum/";"glossar/reinraum/index.html";"Reinraum: Definition & Anforderungen | Glossar";"46";"Reinraum: In der modernen Industrie und Forschung wird oft ein kontrollierter und kontaminationsfreier Arbeitsbereich benötigt.";"127";"Nein"
"/glossar/rlt-anlagen/";"glossar/rlt-anlagen/index.html";"RLT-Anlagen: Definition und Bedeutung - Igienair GmbH";"53";"RLT-Anlagen (Raumlufttechnische Anlagen) sind technische Systeme, die zur Aufbereitung, Regelung und Verteilung von Raumluft in Gebäuden eingesetzt werden.";"155";"Nein"
"/glossar/splitklimageraet/";"glossar/splitklimageraet/index.html";"Was ist ein Splitklimagerät? - Igienair GmbH";"44";"Was ist ein Splitklimagerät?: Definition, Bedeutung und praxisrelevante Hinweise zur Raumlufthygiene – kompakt erklärt im Igienair-Glossar.";"139";"Nein"
"/glossar/textilschlaeuche/";"glossar/textilschlaeuche/index.html";"Textilschläuche: Lüftungskanäle aus Textil - Igienair GmbH";"58";"Textilschläuche: Lüftungskanäle aus Textil: Definition, Bedeutung und praxisrelevante Hinweise zur Raumlufthygiene – kompakt erklärt im Igienair-Glossar.";"153";"Nein"
"/glossar/umluftkuehlgeraet/";"glossar/umluftkuehlgeraet/index.html";"Was ist ein Umluftkühlgerät? - Die Hygieneexperten von Igienair";"63";"Umluftkühlgeräte: Funktion, Hygieneanforderungen und Reinigungsintervalle für sicheren Einsatz in Innenräumen.";"110";"Nein"
"/glossar/vdi-2047-2/";"glossar/vdi-2047-2/index.html";"VDI 2047-2 Richtlinie erklärt | Glossar Igienair";"48";"VDI 2047-2: Risiken in Kühltürmen angemessen bewerten: Risikoanalyse und Gefährdungsbeurteilung";"95";"Nein"
"/glossar/vdi-2052-bgr-111/";"glossar/vdi-2052-bgr-111/index.html";"VDI 2052 & BGR 111 | Glossar Igienair";"37";"Die VDI 2052 und BGR 111 sind Richtlinien, die wichtig für die Sicherheit und Hygiene in der Lebensmittelindustrie sind.";"120";"Nein"
"/glossar/vdi-6022-richtlinienreihe/";"glossar/vdi-6022-richtlinienreihe/index.html";"VDI 6022 Richtlinienreihe - Igienair GmbH";"41";"Die VDI 6022 ist eine wichtige Richtlinienreihe, die wesentliche Standards für die Raumluftqualität in Innenräumen festlegt.";"124";"Nein"
"/glossar/verdampfer-und-kondensatoren/";"glossar/verdampfer-und-kondensatoren/index.html";"Verdampfer und Kondensatoren in Kälteanlagen - Igienair GmbH";"60";"Verdampfer und Kondensatoren in Kälteanlagen: Reinigungsbedarf, Biofilme und Effizienzverluste durch Verschmutzung.";"115";"Nein"
"/glossar/verdunstungskuehlanlagen/";"glossar/verdunstungskuehlanlagen/index.html";"Verdunstungskühlanlagen - Igienair GmbH";"39";"Wir beleuchten die Funktionsweise, den Einsatzbereich und die gesetzlichen Anforderungen von Verdunstungskühlanlagen";"116";"Nein"
"/glossar/vorschriften-laborabzuege/";"glossar/vorschriften-laborabzuege/index.html";"Gesetzliche Vorschriften für Laborabzüge - Igienair GmbH";"56";"Gesetzliche Vorschriften für Laborabzüge: Definition, Bedeutung und praxisrelevante Hinweise zur Raumlufthygiene – kompakt erklärt im Igienair-Glossar.";"151";"Nein"
"/glossar/whg-zertifizierung/";"glossar/whg-zertifizierung/index.html";"Was ist die WHG Zertifizierung / ein Fachbetrieb nach WHG?";"58";"Wir erklären alles Wissenswerte zur WHG-Zertifizierung und was ein Fachbetrieb nach WHG ist (wir sind einer).";"109";"Nein"
"/hygieneinspektion-vdi-6022/";"hygieneinspektion-vdi-6022/index.html";"Hygieneinspektion nach VDI 6022 - Die Hygieneprüfung Lüftung";"60";"Pflichtgemäße Hygieneinspektion nach VDI 6022 für RLT-Anlagen: dokumentiert, verständlich und rechtssicher. Jetzt Termin oder Angebot anfragen.";"143";"Nein"
"/impressum/";"impressum/index.html";"Impressum & Anbieterkennzeichnung | Igienair";"44";"Impressum der Igienair GmbH: Ansprechpartner, Kontaktdaten, Registerangaben und verantwortliche Stelle gemäß TMG.";"113";"Nein"
"/";"index.html";"Technische Hygiene & Raumlufthygiene | Igienair";"47";"Inspektion, Reinigung und Gutachten für RLT-Anlagen nach VDI 6022. Deutschlandweit, dokumentiert und normkonform – jetzt unverbindlich anfragen.";"144";"Nein"
"/industrie/";"industrie/index.html";"Reinigung nach DIN EN 15780 und VDI 6022 Lüftungsanlagen";"56";"Inspektion, Reinigung und Wartung raumlufttechnischer Anlagen in Industriebetrieben. Igienair minimiert Ausfallzeiten und sichert Hygiene.";"138";"Nein"
"/inspektionundgutachten/";"inspektionundgutachten/index.html";"Hygieneinspektion & Gutachten RLT | Igienair";"44";"Umfassende Inspektion und Bewertung Ihrer RLT-Anlagen, Lüftungskanäle und Kühltürme. Igienair liefert klare Gutachten und Handlungsempfehlungen.";"144";"Nein"
"/instandsetzung-sanierung/";"instandsetzung-sanierung/index.html";"RLT-Instandsetzung & Sanierung | Igienair";"41";"Sanierung und Instandsetzung von Lüftungs- und RLT-Anlagen für hygienischen, sicheren Anlagenbetrieb. Igienair – technische Hygiene aus einer Hand.";"147";"Nein"
"/jobs/";"jobs/index.html";"Aktuelle Jobangebote bei der Igienair GmbH";"42";"Wir suchen aktuell Mitarbeiter für die technische Reinigung und Teamleiter für technische Hygienereinigung. Jetzt bewerben";"122";"Nein"
"/jobs/mitarbeiter-technische-reinigung-gesucht/";"jobs/mitarbeiter-technische-reinigung-gesucht/index.html";"Mitarbeiter/in technische Reinigung gesucht - Igienair GmbH";"59";"Bewerben Sie sich jetzt online beim Marktführer für Luftkanalreinigung als Mitarbeiter/in technische Reinigung";"110";"Nein"
"/jobs/teamleiter-hygienereinigung-gesucht/";"jobs/teamleiter-hygienereinigung-gesucht/index.html";"Teamleiter/in technische Hygienereinigung gesucht - Igienair GmbH";"65";"Bewerben Sie sich jetzt online beim Marktführer für Luftkanalreinigung als Teamleiter/in technische Hygienereinigung";"116";"Nein"
"/kanaluntersuchung/";"kanaluntersuchung/index.html";"Kanaluntersuchung & TV-Inspektion | Igienair";"44";"Kanaluntersuchung und TV-Inspektion von Lüftungskanälen zur Schadens- und Verschmutzungsanalyse. Igienair liefert belastbare Gutachten.";"135";"Nein"
"/kontakt/angebot-anfordern/";"kontakt/angebot-anfordern/index.html";"Angebot für RLT-Hygiene anfordern | Igienair";"44";"Unverbindliches Angebot für Inspektion, Reinigung oder Gutachten Ihrer Lüftungs- und RLT-Anlagen. Schnelle Rückmeldung durch Igienair-Experten.";"143";"Nein"
"/kontakt/";"kontakt/index.html";"Standorte & Kontakt | Igienair Deutschland";"42";"8 Standorte in Deutschland: persönliche Ansprechpartner für technische Hygiene und Raumlufthygiene. Kontakt aufnehmen oder Angebot anfordern.";"141";"Nein"
"/kunden/gastronomie/";"kunden/gastronomie/index.html";"Raumlufthygiene für Gastronomie | Igienair";"42";"Küchenabluft, Lüftungsreinigung und Brandschutz in der Gastronomie nach VDI 2052. Igienair sorgt für Sicherheit und normkonformen Betrieb.";"138";"Nein"
"/kunden/gemeinden/";"kunden/gemeinden/index.html";"Lüftungshygene für Kommunen | Igienair";"38";"Inspektion und Reinigung raumlufttechnischer Anlagen in Schulen, Verwaltung und öffentlichen Gebäuden. Igienair – zuverlässig und normkonform.";"142";"Nein"
"/kunden/gesundheit/";"kunden/gesundheit/index.html";"Raumlufthygiene Gesundheitswesen | Igienair";"43";"Hygieneinspektion, Reinigung und Gutachten für RLT-Anlagen in Kliniken, Praxen und Pflegeeinrichtungen – rechtssicher und dokumentiert.";"135";"Nein"
"/kunden/";"kunden/index.html";"Kunden & Branchen | Igienair Referenzen";"39";"Über 14.000 Kunden vertrauen Igienair: Branchenlösungen und Referenzen aus Gesundheitswesen, Industrie, Pharma und öffentlichem Sektor.";"135";"Nein"
"/kunden/lebensmittel/";"kunden/lebensmittel/index.html";"Hygiene für Lebensmittelbetriebe | Igienair";"43";"Hygienereinigung von Lüftungs- und Kühlanlagen in Lebensmittelbetrieben nach HACCP, IFS und GMP. Igienair sichert Produktionshygiene.";"133";"Nein"
"/kunden/pharma/";"kunden/pharma/index.html";"Raumlufthygiene Pharma & Life Science | Igienair";"48";"Reinraumqualifizierung, RLT-Reinigung und Validierung für Pharma und Life Science nach GMP und ISO 14644. Igienair – höchste Ansprüche.";"135";"Nein"
"/kunden/referenzen/baden-wuerttemberg/freiburg/";"kunden/referenzen/baden-wuerttemberg/freiburg/index.html";"Raumlufthygiene Freiburg: Kühlturm- und RLT-Anlagen Reinigung";"61";"Das Leistungsspektrum von Igienair: Begutachtung, Sanierung und Reinigung von Kühltürmen und RLT-Anlagen in Freiburg";"116";"Nein"
"/kunden/referenzen/baden-wuerttemberg/heidelberg/";"kunden/referenzen/baden-wuerttemberg/heidelberg/index.html";"RLT-Hygiene & Reinigung in Heidelberg | Igienair";"48";"Hygieneinspektion, Reinigung und Gutachten für RLT-Anlagen in Heidelberg und Baden-Württemberg. Igienair – normkonform, dokumentiert. Jetzt anfragen.";"149";"Nein"
"/kunden/referenzen/baden-wuerttemberg/";"kunden/referenzen/baden-wuerttemberg/index.html";"Baden-Württemberg - Igienair GmbH";"33";"Technische Hygiene in Baden-Württemberg: Inspektion, Reinigung und Gutachten für RLT-Anlagen. Igienair ist in der Region mit erfahrenen Teams vor Ort.";"150";"Nein"
"/kunden/referenzen/baden-wuerttemberg/karlsruhe/";"kunden/referenzen/baden-wuerttemberg/karlsruhe/index.html";"Reinigung von RLT-Anlagen & Inspektion von Kühltürmen";"53";"Igienair: Ihr Partner für die Reinigung und Inspektion von Kühltürmen und RLT-Anlagen in Karlsruhe und Umgebung";"111";"Nein"
"/kunden/referenzen/baden-wuerttemberg/konstanz/";"kunden/referenzen/baden-wuerttemberg/konstanz/index.html";"Raumlufthygiene Konstanz: Desinfektion, Sanierung, Gutachten";"60";"Hygieneinspektion, Reinigung und Gutachten für RLT-Anlagen in Konstanz und Baden-Württemberg. Igienair – normkonform, dokumentiert. Jetzt anfragen.";"147";"Nein"
"/kunden/referenzen/baden-wuerttemberg/mannheim/";"kunden/referenzen/baden-wuerttemberg/mannheim/index.html";"RLT-Hygiene & Reinigung in Mannheim | Igienair";"46";"Hygieneinspektion, Reinigung und Gutachten für RLT-Anlagen in Mannheim und Baden-Württemberg. Igienair – normkonform, dokumentiert. Jetzt anfragen.";"147";"Nein"
"/kunden/referenzen/baden-wuerttemberg/stuttgart/";"kunden/referenzen/baden-wuerttemberg/stuttgart/index.html";"Luftkanalreinigung Stuttgart: Inspektion, Desinfektion, Gutachten";"65";"Hygieneinspektion, Reinigung und Gutachten für RLT-Anlagen in Stuttgart und Baden-Württemberg. Igienair – normkonform, dokumentiert. Jetzt anfragen.";"148";"Nein"
"/kunden/referenzen/baden-wuerttemberg/ulm/";"kunden/referenzen/baden-wuerttemberg/ulm/index.html";"RLT-Reinigung nach VDI 6022 Ulm: RLT-Anlagenreinigung";"53";"Hygieneinspektion, Reinigung und Gutachten für RLT-Anlagen in Ulm und Baden-Württemberg. Igienair – normkonform, dokumentiert. Jetzt anfragen.";"142";"Nein"
"/kunden/referenzen/bayern/augsburg/";"kunden/referenzen/bayern/augsburg/index.html";"Luftkanalreinigung Augsburg: Beratung & Hygienekonzept";"54";"Hygieneinspektion, Reinigung und Gutachten für RLT-Anlagen in Augsburg und Bayern. Igienair – normkonform, dokumentiert. Jetzt anfragen.";"136";"Nein"
"/kunden/referenzen/bayern/";"kunden/referenzen/bayern/index.html";"RLT-Hygiene Bayern | Igienair Referenzen";"40";"Technische Hygiene in Bayern: Inspektion, Reinigung und Gutachten für RLT-Anlagen. Igienair ist in der Region mit erfahrenen Teams vor Ort.";"139";"Nein"
"/kunden/referenzen/bayern/ingolstadt/";"kunden/referenzen/bayern/ingolstadt/index.html";"RLT Anlagen Reinigung in Ingolstadt & Reinigung Kühltürme";"57";"Hygieneinspektion, Reinigung und Gutachten für RLT-Anlagen in Ingolstadt und Bayern. Igienair – normkonform, dokumentiert. Jetzt anfragen.";"138";"Nein"
"/kunden/referenzen/bayern/munchen/";"kunden/referenzen/bayern/munchen/index.html";"Luftkanalreinigung München | Lüftungsreinigung Ihrer RLT-Anlagen";"64";"Luftkanalreinigung München: Ob Lüftungsreinigung, Wartung oder Sanierung Ihrer RLT-Anlage: Igienair ist Ihr Experte.";"116";"Nein"
"/kunden/referenzen/bayern/nurnberg/";"kunden/referenzen/bayern/nurnberg/index.html";"Lüftungsreinigung Nürnberg | Reinigung von RLT-Anlagen";"54";"Luftkanalreinigung Nürnberg: Die Reinigung von RLT-Anlagen und Kühltürmen sowie Lüftungsreinigung sind unser Spezialgebiet.";"123";"Nein"
"/kunden/referenzen/bayern/regensburg/";"kunden/referenzen/bayern/regensburg/index.html";"RLT-Hygiene & Reinigung in Regensburg | Igienair";"48";"Hygieneinspektion, Reinigung und Gutachten für RLT-Anlagen in Regensburg und Bayern. Igienair – normkonform, dokumentiert. Jetzt anfragen.";"138";"Nein"
"/kunden/referenzen/berlin/bernau/";"kunden/referenzen/berlin/bernau/index.html";"Kühlturm Wartung und RLT-Anlagen Reinigung Bernau";"49";"Hygieneinspektion, Reinigung und Gutachten für RLT-Anlagen in Bernau und Berlin und Brandenburg. Igienair – normkonform, dokumentiert. Jetzt anfragen.";"150";"Nein"
"/kunden/referenzen/berlin/brandenburg-havel/";"kunden/referenzen/berlin/brandenburg-havel/index.html";"Kühlturm Wartung und RLT-Anlagen Reinigung Brandenburg / Havel";"62";"Hygieneinspektion und Reinigung für RLT-Anlagen in Brandenburg an der Havel. Igienair in Berlin und Brandenburg – normkonform und dokumentiert. Jetzt anfragen.";"159";"Nein"
"/kunden/referenzen/berlin/brandenburg/";"kunden/referenzen/berlin/brandenburg/index.html";"Kühlturm Wartung und RLT-Anlagen Reinigung in Brandenburg";"57";"Hygieneinspektion, Reinigung und Gutachten für RLT-Anlagen in Brandenburg und Berlin und Brandenburg. Igienair – normkonform, dokumentiert. Jetzt anfragen.";"155";"Nein"
"/kunden/referenzen/berlin/cottbus/";"kunden/referenzen/berlin/cottbus/index.html";"Kühlturm Wartung und RLT-Anlagen Reinigung in Cottbus";"53";"Hygieneinspektion, Reinigung und Gutachten für RLT-Anlagen in Cottbus und Berlin und Brandenburg. Igienair – normkonform, dokumentiert. Jetzt anfragen.";"151";"Nein"
"/kunden/referenzen/berlin/eberswalde/";"kunden/referenzen/berlin/eberswalde/index.html";"Kühlturm Wartung und RLT-Anlagen Reinigung Eberswalde";"53";"Hygieneinspektion, Reinigung und Gutachten für RLT-Anlagen in Eberswalde und Berlin und Brandenburg. Igienair – normkonform, dokumentiert. Jetzt anfragen.";"154";"Nein"
"/kunden/referenzen/berlin/falkensee/";"kunden/referenzen/berlin/falkensee/index.html";"Kühlturm Wartung und RLT-Anlagen Reinigung Falkensee";"52";"Hygieneinspektion, Reinigung und Gutachten für RLT-Anlagen in Falkensee und Berlin und Brandenburg. Igienair – normkonform, dokumentiert. Jetzt anfragen.";"153";"Nein"
"/kunden/referenzen/berlin/frankfurt-oder/";"kunden/referenzen/berlin/frankfurt-oder/index.html";"Kühlturm Wartung und RLT-Anlagen Reinigung Frankfurt Oder";"57";"Hygieneinspektion, Reinigung und Gutachten für RLT-Anlagen in Frankfurt (Oder) und Berlin und Brandenburg. Igienair – normkonform, dokumentiert. Jetzt anfragen.";"160";"Nein"
"/kunden/referenzen/berlin/";"kunden/referenzen/berlin/index.html";"RLT-Hygiene Berlin und Brandenburg | Igienair Referenzen";"56";"Technische Hygiene in Berlin und Brandenburg: Inspektion, Reinigung und Gutachten für RLT-Anlagen. Igienair ist in der Region mit erfahrenen Teams vor Ort.";"155";"Nein"
"/kunden/referenzen/berlin/oranienburg/";"kunden/referenzen/berlin/oranienburg/index.html";"Kühlturm Wartung und RLT-Anlagen Reinigung in Oranienburg";"57";"Hygieneinspektion, Reinigung und Gutachten für RLT-Anlagen in Oranienburg und Berlin und Brandenburg. Igienair – normkonform, dokumentiert. Jetzt anfragen.";"155";"Nein"
"/kunden/referenzen/berlin/potsdam/";"kunden/referenzen/berlin/potsdam/index.html";"RLT-Hygiene & Reinigung in Potsdam | Igienair";"45";"Hygieneinspektion, Reinigung und Gutachten für RLT-Anlagen in Potsdam und Berlin und Brandenburg. Igienair – normkonform, dokumentiert. Jetzt anfragen.";"151";"Nein"
"/kunden/referenzen/hamburg/bremen/";"kunden/referenzen/hamburg/bremen/index.html";"Kühlturm und RLT-Anlagen Reinigung und Desinfektion Bremen";"58";"Technische Hygiene, Desinfektion, Sanierung, Gutachten & mehr: IGIENAIR ist in Bremen und Umgebung für Sie da.";"110";"Nein"
"/kunden/referenzen/hamburg/buxtehude/";"kunden/referenzen/hamburg/buxtehude/index.html";"RLT-Hygiene & Reinigung in Buxtehude | Igienair";"47";"Technische Hygiene, Desinfektion, Sanierung, Gutachten & mehr: IGIENAIR ist in Buxtehude und Umgebung für Sie da.";"113";"Nein"
"/kunden/referenzen/hamburg/elmshorn/";"kunden/referenzen/hamburg/elmshorn/index.html";"RLT-Hygiene & Reinigung in Elmshorn | Igienair";"46";"Technische Hygiene, Desinfektion, Sanierung, Gutachten & mehr: IGIENAIR ist in Elmshorn und Umgebung für Sie da.";"112";"Nein"
"/kunden/referenzen/hamburg/flensburg/";"kunden/referenzen/hamburg/flensburg/index.html";"RLT-Hygiene & Reinigung in Flensburg | Igienair";"47";"Technische Hygiene, Desinfektion, Sanierung, Gutachten & mehr: IGIENAIR ist in Flensburg und Umgebung für Sie da";"112";"Nein"
"/kunden/referenzen/hamburg/";"kunden/referenzen/hamburg/index.html";"Kühlturm Wartung und RLT-Anlagen Reinigung in Hamburg";"53";"Technische Hygiene in Norddeutschland: Inspektion, Reinigung und Gutachten für RLT-Anlagen. Igienair ist in der Region mit erfahrenen Teams vor Ort.";"148";"Nein"
"/kunden/referenzen/hamburg/kiel/";"kunden/referenzen/hamburg/kiel/index.html";"RLT-Anlagen und Kühlturm Reinigung in Kiel durch Igienair";"57";"Technische Hygiene, Desinfektion, Sanierung, Gutachten & mehr: IGIENAIR ist in Kiel und Umgebung für Sie da.";"108";"Nein"
"/kunden/referenzen/hamburg/luebeck/";"kunden/referenzen/hamburg/luebeck/index.html";"RLT-Anlagen und Kühlturm Reinigung Lübeck: durch IGIENAIR";"57";"Das Team von mehrfach zertifizierten Experten der Igienair GmbH kümmert sich zuverlässig um Ihre Zu- und Abluftsysteme.";"119";"Nein"
"/kunden/referenzen/hamburg/lueneburg/";"kunden/referenzen/hamburg/lueneburg/index.html";"Hygieneinspektion VDI 6022 + Gutachten für RLT-Anlagen";"54";"Technische Hygiene, Desinfektion, Sanierung, Gutachten & mehr: IGIENAIR ist in Lüneburg und Umgebung für Sie da.";"112";"Nein"
"/kunden/referenzen/hamburg/munster/";"kunden/referenzen/hamburg/munster/index.html";"RLT-Hygiene & Reinigung in Münster | Igienair";"45";"Technische Hygiene, Desinfektion, Sanierung, Gutachten & mehr: IGIENAIR ist in Munster und Umgebung für Sie da.";"111";"Nein"
"/kunden/referenzen/hamburg/neumuenster/";"kunden/referenzen/hamburg/neumuenster/index.html";"RLT-Hygiene & Reinigung in Neumünster | Igienair";"48";"Technische Hygiene, Desinfektion, Sanierung, Gutachten & mehr: IGIENAIR ist in Neumünster und Umgebung für Sie da.";"114";"Nein"
"/kunden/referenzen/hamburg/norderstedt/";"kunden/referenzen/hamburg/norderstedt/index.html";"RLT-Hygiene & Reinigung in Norderstedt | Igienair";"49";"Technische Hygiene, Desinfektion, Sanierung, Gutachten & mehr: IGIENAIR ist in Norderstedt und Umgebung für Sie da.";"115";"Nein"
"/kunden/referenzen/hamburg/stade/";"kunden/referenzen/hamburg/stade/index.html";"RLT-Hygiene & Reinigung in Stade | Igienair";"43";"Technische Hygiene, Desinfektion, Sanierung, Gutachten & mehr: IGIENAIR ist in Stade und Umgebung für Sie da";"108";"Nein"
"/kunden/referenzen/hessen/darmstadt/";"kunden/referenzen/hessen/darmstadt/index.html";"RLT-Hygiene & Reinigung in Darmstadt | Igienair";"47";"Hygieneinspektion, Reinigung und Gutachten für RLT-Anlagen in Darmstadt und Hessen. Igienair – normkonform, dokumentiert. Jetzt anfragen.";"137";"Nein"
"/kunden/referenzen/hessen/frankfurt/";"kunden/referenzen/hessen/frankfurt/index.html";"RLT-Hygiene & Reinigung in Frankfurt am Main | Igienair";"55";"Hygieneinspektion, Reinigung und Gutachten für RLT-Anlagen in Frankfurt am Main und Hessen. Igienair – normkonform, dokumentiert. Jetzt anfragen.";"145";"Nein"
"/kunden/referenzen/hessen/giessen/";"kunden/referenzen/hessen/giessen/index.html";"RLT-Hygiene & Reinigung in Gießen | Igienair";"44";"Hygieneinspektion, Reinigung und Gutachten für RLT-Anlagen in Gießen und Hessen. Igienair – normkonform, dokumentiert. Jetzt anfragen.";"134";"Nein"
"/kunden/referenzen/hessen/";"kunden/referenzen/hessen/index.html";"RLT-Hygiene Hessen | Igienair Referenzen";"40";"Technische Hygiene in Hessen: Inspektion, Reinigung und Gutachten für RLT-Anlagen. Igienair ist in der Region mit erfahrenen Teams vor Ort.";"139";"Nein"
"/kunden/referenzen/hessen/kassel/";"kunden/referenzen/hessen/kassel/index.html";"RLT-Anlagen in Kassel: Reinigung & Sanierung durch Igienair";"59";"Hygieneinspektion, Reinigung und Gutachten für RLT-Anlagen in Kassel und Hessen. Igienair – normkonform, dokumentiert. Jetzt anfragen.";"134";"Nein"
"/kunden/referenzen/hessen/wiesbaden/";"kunden/referenzen/hessen/wiesbaden/index.html";"Lüftungsreinigung Wiesbaden: Reinigung von RLT Anlagen";"54";"Hygieneinspektion, Reinigung und Gutachten für RLT-Anlagen in Wiesbaden und Hessen. Igienair – normkonform, dokumentiert. Jetzt anfragen.";"137";"Nein"
"/kunden/referenzen/";"kunden/referenzen/index.html";"Referenzen & Einsatzgebiete | Igienair";"38";"Referenzen aus Industrie, Gesundheitswesen, Pharma und öffentlichem Sektor. Igienair ist mit 8 Standorten deutschlandweit für Sie im Einsatz.";"141";"Nein"
"/kunden/referenzen/nrw/bonn/";"kunden/referenzen/nrw/bonn/index.html";"Luftkanalreinigung Bonn: Raumlufthygiene vom Profi";"50";"Hygieneinspektion, Reinigung und Gutachten für RLT-Anlagen in Bonn und Nordrhein-Westfalen. Igienair – normkonform, dokumentiert. Jetzt anfragen.";"145";"Nein"
"/kunden/referenzen/nrw/duesseldorf/";"kunden/referenzen/nrw/duesseldorf/index.html";"Luftkanalreinigung Düsseldorf: Die RLT Anlagen Reinigung";"56";"Hygieneinspektion, Reinigung und Gutachten für RLT-Anlagen in Düsseldorf und Nordrhein-Westfalen. Igienair – normkonform, dokumentiert. Jetzt anfragen.";"151";"Nein"
"/kunden/referenzen/nrw/duisburg/";"kunden/referenzen/nrw/duisburg/index.html";"Luftkanalreinigung Duisburg: Technische Hygiene RLT-Anlagen";"59";"Hygieneinspektion, Reinigung und Gutachten für RLT-Anlagen in Duisburg und Nordrhein-Westfalen. Igienair – normkonform, dokumentiert. Jetzt anfragen.";"149";"Nein"
"/kunden/referenzen/nrw/";"kunden/referenzen/nrw/index.html";"RLT-Hygiene Nordrhein-Westfalen | Igienair Referenzen";"53";"Technische Hygiene in Nordrhein-Westfalen: Inspektion, Reinigung und Gutachten für RLT-Anlagen. Igienair ist in der Region mit erfahrenen Teams vor Ort.";"152";"Nein"
"/kunden/referenzen/nrw/koeln/";"kunden/referenzen/nrw/koeln/index.html";"RLT-Hygiene & Reinigung in Köln | Igienair";"42";"Hygieneinspektion, Reinigung und Gutachten für RLT-Anlagen in Köln und Nordrhein-Westfalen. Igienair – normkonform, dokumentiert. Jetzt anfragen.";"145";"Nein"
"/kunden/referenzen/nrw/wuppertal/";"kunden/referenzen/nrw/wuppertal/index.html";"Luftkanalreinigung Wuppertal: Hygieneinspektion & RLT Anlagen";"61";"Hygieneinspektion, Reinigung und Gutachten für RLT-Anlagen in Wuppertal und Nordrhein-Westfalen. Igienair – normkonform, dokumentiert. Jetzt anfragen.";"150";"Nein"
"/kunden/referenzen/region-bodensee/biberach-an-der-riss/";"kunden/referenzen/region-bodensee/biberach-an-der-riss/index.html";"Kühlturm Wartung & RLT-Anlagen Reinigung: Biberach an der Riß";"61";"Hygieneinspektion, Reinigung und Gutachten für RLT-Anlagen in Biberach an der Riss und Bodensee-Region. Igienair – normkonform, dokumentiert. Jetzt anfragen.";"157";"Nein"
"/kunden/referenzen/region-bodensee/friedrichshafen/";"kunden/referenzen/region-bodensee/friedrichshafen/index.html";"Kühlturm Wartung und RLT-Anlagen Reinigung in Friedrichshafen";"61";"Hygieneinspektion, Reinigung und Gutachten für RLT-Anlagen in Friedrichshafen und Bodensee-Region. Igienair – normkonform, dokumentiert. Jetzt anfragen.";"152";"Nein"
"/kunden/referenzen/region-bodensee/";"kunden/referenzen/region-bodensee/index.html";"RLT-Hygiene Bodensee-Region | Igienair Referenzen";"49";"Technische Hygiene in Bodensee-Region: Inspektion, Reinigung und Gutachten für RLT-Anlagen. Igienair ist in der Region mit erfahrenen Teams vor Ort.";"148";"Nein"
"/kunden/referenzen/region-bodensee/memmingen/";"kunden/referenzen/region-bodensee/memmingen/index.html";"Kühlturm Wartung und RLT-Anlagen Reinigung in Memmingen";"55";"Hygieneinspektion, Reinigung und Gutachten für RLT-Anlagen in Memmingen und Bodensee-Region. Igienair – normkonform, dokumentiert. Jetzt anfragen.";"146";"Nein"
"/kunden/referenzen/region-bodensee/ravensburg/";"kunden/referenzen/region-bodensee/ravensburg/index.html";"Kühlturm Wartung und RLT-Anlagen Reinigung in Ravensburg";"56";"Hygieneinspektion, Reinigung und Gutachten für RLT-Anlagen in Ravensburg und Bodensee-Region. Igienair – normkonform, dokumentiert. Jetzt anfragen.";"147";"Nein"
"/kunden/referenzen/region-bodensee/sigmaringen/";"kunden/referenzen/region-bodensee/sigmaringen/index.html";"Kühlturm Wartung und RLT-Anlagen Reinigung in Sigmaringen";"57";"Hygieneinspektion, Reinigung und Gutachten für RLT-Anlagen in Sigmaringen und Bodensee-Region. Igienair – normkonform, dokumentiert. Jetzt anfragen.";"148";"Nein"
"/kunden/referenzen/region-bodensee/singen/";"kunden/referenzen/region-bodensee/singen/index.html";"Kühlturm Wartung und RLT-Anlagen Reinigung in Singen";"52";"Hygieneinspektion, Reinigung und Gutachten für RLT-Anlagen in Singen und Bodensee-Region. Igienair – normkonform, dokumentiert. Jetzt anfragen.";"143";"Nein"
"/kunden/referenzen/region-bodensee/tuttlingen/";"kunden/referenzen/region-bodensee/tuttlingen/index.html";"Kühlturm Wartung und RLT-Anlagen Reinigung in Tuttlingen";"56";"Hygieneinspektion, Reinigung und Gutachten für RLT-Anlagen in Tuttlingen und Bodensee-Region. Igienair – normkonform, dokumentiert. Jetzt anfragen.";"147";"Nein"
"/kunden/referenzen/rheinland-pfalz/bitburg/";"kunden/referenzen/rheinland-pfalz/bitburg/index.html";"RLT-Hygiene & Reinigung in Bitburg | Igienair";"45";"Hygieneinspektion, Reinigung und Gutachten für RLT-Anlagen in Bitburg und Rheinland-Pfalz. Igienair – normkonform, dokumentiert. Jetzt anfragen.";"144";"Nein"
"/kunden/referenzen/rheinland-pfalz/";"kunden/referenzen/rheinland-pfalz/index.html";"RLT-Hygiene Rheinland-Pfalz | Igienair Referenzen";"49";"Technische Hygiene in Rheinland-Pfalz: Inspektion, Reinigung und Gutachten für RLT-Anlagen. Igienair ist in der Region mit erfahrenen Teams vor Ort.";"148";"Nein"
"/kunden/referenzen/rheinland-pfalz/kaiserslautern/";"kunden/referenzen/rheinland-pfalz/kaiserslautern/index.html";"RLT-Hygiene & Reinigung in Kaiserslautern | Igienair";"52";"Hygieneinspektion, Reinigung und Gutachten für RLT-Anlagen in Kaiserslautern und Rheinland-Pfalz. Igienair – normkonform, dokumentiert. Jetzt anfragen.";"151";"Nein"
"/kunden/referenzen/rheinland-pfalz/koblenz/";"kunden/referenzen/rheinland-pfalz/koblenz/index.html";"RLT-Hygiene & Reinigung in Koblenz | Igienair";"45";"Hygieneinspektion, Reinigung und Gutachten für RLT-Anlagen in Koblenz und Rheinland-Pfalz. Igienair – normkonform, dokumentiert. Jetzt anfragen.";"144";"Nein"
"/kunden/referenzen/rheinland-pfalz/ludwigshafen/";"kunden/referenzen/rheinland-pfalz/ludwigshafen/index.html";"RLT-Hygiene & Reinigung in Ludwigshafen | Igienair";"50";"Hygieneinspektion, Reinigung und Gutachten für RLT-Anlagen in Ludwigshafen und Rheinland-Pfalz. Igienair – normkonform, dokumentiert. Jetzt anfragen.";"149";"Nein"
"/kunden/referenzen/rheinland-pfalz/mainz/";"kunden/referenzen/rheinland-pfalz/mainz/index.html";"RLT-Hygiene & Reinigung in Mainz | Igienair";"43";"Hygieneinspektion, Reinigung und Gutachten für RLT-Anlagen in Mainz und Rheinland-Pfalz. Igienair – normkonform, dokumentiert. Jetzt anfragen.";"142";"Nein"
"/kunden/referenzen/rheinland-pfalz/trier/";"kunden/referenzen/rheinland-pfalz/trier/index.html";"RLT-Hygiene & Reinigung in Trier | Igienair";"43";"Hygieneinspektion, Reinigung und Gutachten für RLT-Anlagen in Trier und Rheinland-Pfalz. Igienair – normkonform, dokumentiert. Jetzt anfragen.";"142";"Nein"
"/kunden/referenzen/rheinland-pfalz/wittlich/";"kunden/referenzen/rheinland-pfalz/wittlich/index.html";"RLT-Hygiene & Reinigung in Wittlich | Igienair";"46";"Hygieneinspektion, Reinigung und Gutachten für RLT-Anlagen in Wittlich und Rheinland-Pfalz. Igienair – normkonform, dokumentiert. Jetzt anfragen.";"145";"Nein"
"/kunden/referenzen/saarland/homburg/";"kunden/referenzen/saarland/homburg/index.html";"RLT-Hygiene & Reinigung in Homburg | Igienair";"45";"Hygieneinspektion, Reinigung und Gutachten für RLT-Anlagen in Homburg und Saarland. Igienair – normkonform, dokumentiert. Jetzt anfragen.";"137";"Nein"
"/kunden/referenzen/saarland/";"kunden/referenzen/saarland/index.html";"RLT-Hygiene Saarland | Igienair Referenzen";"42";"Technische Hygiene in Saarland: Inspektion, Reinigung und Gutachten für RLT-Anlagen. Igienair ist in der Region mit erfahrenen Teams vor Ort.";"141";"Nein"
"/kunden/referenzen/saarland/merzig/";"kunden/referenzen/saarland/merzig/index.html";"RLT-Hygiene & Reinigung in Merzig | Igienair";"44";"Hygieneinspektion, Reinigung und Gutachten für RLT-Anlagen in Merzig und Saarland. Igienair – normkonform, dokumentiert. Jetzt anfragen.";"136";"Nein"
"/kunden/referenzen/saarland/saarbrucken/";"kunden/referenzen/saarland/saarbrucken/index.html";"RLT-Hygiene & Reinigung in Saarbrücken | Igienair";"49";"Hygieneinspektion, Reinigung und Gutachten für RLT-Anlagen in Saarbrücken und Saarland. Igienair – normkonform, dokumentiert. Jetzt anfragen.";"141";"Nein"
"/lebensmittel/";"lebensmittel/index.html";"Lüftungshygene Lebensmittelindustrie | Igienair";"47";"Reinigung und Inspektion von RLT-Anlagen in Lebensmittelbetrieben. Igienair unterstützt HACCP-konforme Produktionsprozesse.";"123";"Nein"
"/lecktest-schwebstofffilter/";"lecktest-schwebstofffilter/index.html";"Lecktest Schwebstofffilter - Igienair GmbH";"42";"Lecktest für Schwebstofffilter in sensiblen RLT-Systemen. Igienair sichert maximale Filtersicherheit und normgerechte Dokumentation.";"132";"Nein"
"/leistungen/";"leistungen/index.html";"Leistungen: Inspektion, Reinigung, Sanierung";"44";"Inspektion, Reinigung, Desinfektion, Sanierung und energetische Inspektion für RLT-Anlagen – normkonform nach VDI und DIN, deutschlandweit.";"139";"Nein"
"/leistungen/inspektionundgutachten/";"leistungen/inspektionundgutachten/index.html";"Hygieneinspektionen und Gefährdungsbeurteilungen";"48";"Igienair bietet umfassende Leistungen zur Einschätzung und Bewertung Ihrer RLT-Anlagen mit Lüftungskanälen und Kühltürmen.";"122";"Nein"
"/leistungen/instandsetzung-sanierung/";"leistungen/instandsetzung-sanierung/index.html";"Instandsetzung & Sanierung - Igienair GmbH";"42";"Instandsetzung und Sanierung raumlufttechnischer Anlagen: Schadensbehebung, Hygienesicherheit und normgerechter Betrieb durch Igienair-Experten.";"144";"Nein"
"/leistungen/reinigung-desinfektion/";"leistungen/reinigung-desinfektion/index.html";"Reinigung & Desinfektion RLT-Anlagen | Igienair";"47";"Professionelle Reinigung und Desinfektion von Lüftungs- und RLT-Anlagen nach VDI 6022, DIN EN 15780 und VDI 2047 – mit Erfolgsgarantie.";"135";"Nein"
"/normen/din-en-14175/";"normen/din-en-14175/index.html";"DIN EN 14175: Laborabzüge & Digestorien | Igienair";"50";"Prüfung und Validierung von Laborabzügen nach DIN EN 14175. Igienair sichert Funktion, Sicherheit und normgerechten Betrieb Ihrer Abzüge.";"137";"Nein"
"/normen/din-en-15780/";"normen/din-en-15780/index.html";"DIN EN 15780 Luftkanalreinigung | Igienair";"42";"Luftkanalreinigung nach DIN EN 15780: Qualitätsstufen, Verfahren und Dokumentation für hygienische Lüftungskanäle – professionell durch Igienair.";"145";"Nein"
"/normen/";"normen/index.html";"VDI & DIN Normen für RLT-Hygiene | Igienair";"43";"VDI 6022, VDI 2047, DIN EN 15780 und mehr: Igienair setzt anerkannte Normen für Inspektion, Reinigung und Betrieb von RLT-Anlagen zuverlässig um.";"145";"Nein"
"/normen/vdi-2047/";"normen/vdi-2047/index.html";"Risikoanalyse VDI 2047-2 durch die Igienair GmbH";"48";"Risikoanalyse VDI 2047-2 ✓Exakt ✓Sicher ✓Valide ➤ Gemäß der Richtlinie VDI 2047-2. Überprüfung des Anlagenbetriebs...";"117";"Nein"
"/normen/vdi-2052-bgr-111/";"normen/vdi-2052-bgr-111/index.html";"VDI 2052 & BGR 111 - Igienair GmbH";"34";"Brandschutzreinigung und Entfettung gewerblicher Küchenabluft nach VDI 2052 und BGR 111. Igienair reduziert Brandrisiken und sichert den Betrieb.";"145";"Nein"
"/normen/vdi-6022/";"normen/vdi-6022/index.html";"Inspektion VDI 6022 - die Igienair GmbH erledigt das für Sie";"60";"Die Inspektion VDI 6022. Fachgerecht durchgeführt von der Igienair GmbH für den den hygienegerechten Betrieb.";"109";"Nein"
"/pharma/";"pharma/index.html";"Technische Hygiene Pharma | Igienair";"36";"GMP-konforme Reinigung und Qualifizierung von RLT-Anlagen und Reinräumen in der Pharmaindustrie. Igienair – validiert und dokumentiert.";"135";"Nein"
"/reinigung-desinfektion/";"reinigung-desinfektion/index.html";"Hygienereinigung RLT-Anlagen | Igienair";"39";"Reinigung und Desinfektion raumlufttechnischer Anlagen nach VDI 6022, DIN EN 15780 und VDI 2047. Normkonform, dokumentiert und zuverlässig.";"139";"Nein"
"/rlt-hygiene/";"rlt-hygiene/index.html";"RLT-Hygiene: Inspektion & Reinigung | Igienair";"46";"Ganzheitliche RLT-Hygiene: Inspektion, Reinigung, Desinfektion und Gutachten nach VDI 6022. Igienair – Ihr Partner für gesunde Raumluft.";"136";"Nein"
"/unternehmen/agb/";"unternehmen/agb/index.html";"Allgemeine Geschäftsbedingungen | Igienair GmbH";"47";"AGB der Igienair GmbH für Leistungen im Bereich technische Hygiene, Inspektion, Reinigung und Gutachten von RLT-Anlagen.";"120";"Nein"
"/unternehmen/";"unternehmen/index.html";"Über Igienair: Technische Hygiene & Expertise";"45";"Familienunternehmen für Raumlufthygiene mit 8 Standorten und über 14.000 Kunden. Qualität, Sicherheit und normkonforme Lösungen für RLT-Anlagen.";"144";"Nein"
"/unternehmen/nachhaltigkeit/";"unternehmen/nachhaltigkeit/index.html";"Nachhaltigkeit in der Raumlufthygiene | Igienair";"48";"Ressourcenschonende Reinigung, Energieeffizienz und umweltbewusste Verfahren bei der technischen Hygiene von Lüftungs- und RLT-Anlagen.";"135";"Nein"
"/unternehmen/qualitaet/";"unternehmen/qualitaet/index.html";"Qualitätsmanagement für RLT-Hygiene | Igienair";"46";"ISO-zertifizierte Prozesse und dokumentierte Hygienestandards für RLT-Anlagen. So sichert Igienair Qualität, Transparenz und Rechtssicherheit.";"142";"Nein"
"/unternehmen/sicherheit/";"unternehmen/sicherheit/index.html";"Arbeitssicherheit bei Hygienearbeiten | Igienair";"48";"Sicherheitskonzepte für Reinigung und Inspektion an RLT-Anlagen: geschulte Teams, Gefährdungsbeurteilung und dokumentierte Abläufe vor Ort.";"139";"Nein"
"/unternehmen/umweltschutz/";"unternehmen/umweltschutz/index.html";"Umweltschutz & technische Hygiene | Igienair";"44";"Umweltgerechte Reinigungsverfahren und sichere Entsorgung bei RLT-Projekten. Igienair verbindet Hygiene mit Verantwortung für Mensch und Umwelt.";"144";"Nein"
"/unternehmen/zertifizierungen/";"unternehmen/zertifizierungen/index.html";"Zertifizierungen & Qualitätssiegel | Igienair";"45";"ISO 9001, WHG-Fachbetrieb, FGK und weitere Nachweise: Igienairs Zertifikate für normkonforme Inspektion, Reinigung und Gutachten.";"129";"Nein"